-- phpMyAdmin SQL Dump
-- version 5.2.1
-- https://www.phpmyadmin.net/
--
-- Host: 127.0.0.1:3307
-- Generation Time: Feb 19, 2025 at 02:55 AM
-- Server version: 10.4.32-MariaDB
-- PHP Version: 8.2.12

SET SQL_MODE = "NO_AUTO_VALUE_ON_ZERO";
START TRANSACTION;
SET time_zone = "+00:00";


/*!40101 SET @OLD_CHARACTER_SET_CLIENT=@@CHARACTER_SET_CLIENT */;
/*!40101 SET @OLD_CHARACTER_SET_RESULTS=@@CHARACTER_SET_RESULTS */;
/*!40101 SET @OLD_COLLATION_CONNECTION=@@COLLATION_CONNECTION */;
/*!40101 SET NAMES utf8mb4 */;

--
-- Database: `prs_db`
--

-- --------------------------------------------------------

--
-- Table structure for table `medicines`
--

CREATE TABLE `medicines` (
  `id` int(11) NOT NULL,
  `medicine_name` varchar(60) NOT NULL
) ENGINE=InnoDB DEFAULT CHARSET=utf8 COLLATE=utf8_general_ci;

--
-- Dumping data for table `medicines`
--

INSERT INTO `medicines` (`id`, `medicine_name`) VALUES
(1, 'Amoxicillin'),
(4, 'Antibiotic'),
(5, 'Antihistamine'),
(6, 'Atorvastatin'),
(3, 'Losartan'),
(2, 'Mefenamic'),
(7, 'Oxymetazoline'),
(8, 'Paracetamol');

-- --------------------------------------------------------

--
-- Table structure for table `medicine_details`
--

CREATE TABLE `medicine_details` (
  `id` int(11) NOT NULL,
  `medicine_id` int(11) NOT NULL,
  `packing` varchar(60) NOT NULL
) ENGINE=InnoDB DEFAULT CHARSET=utf8 COLLATE=utf8_general_ci;

--
-- Dumping data for table `medicine_details`
--

INSERT INTO `medicine_details` (`id`, `medicine_id`, `packing`) VALUES
(1, 1, '50'),
(2, 4, '50'),
(3, 5, '50'),
(4, 6, '25'),
(5, 3, '80'),
(6, 2, '100'),
(7, 7, '25'),
(8, 8, '10');

-- --------------------------------------------------------

--
-- Table structure for table `migrations`
--

CREATE TABLE `migrations` (
  `id` int(10) UNSIGNED NOT NULL,
  `migration` varchar(255) NOT NULL,
  `batch` int(11) NOT NULL
) ENGINE=InnoDB DEFAULT CHARSET=utf8mb4 COLLATE=utf8mb4_unicode_ci;

-- --------------------------------------------------------

--
-- Table structure for table `patients`
--

CREATE TABLE `patients` (
  `id` int(11) NOT NULL,
  `patient_name` varchar(60) NOT NULL,
  `address` varchar(100) NOT NULL,
  `patient_number` varchar(17) DEFAULT NULL,
  `date_of_birth` date NOT NULL,
  `phone_number` varchar(12) NOT NULL,
  `gender` varchar(6) NOT NULL,
  `deleted_at` datetime DEFAULT NULL
) ENGINE=InnoDB DEFAULT CHARSET=utf8 COLLATE=utf8_general_ci;

--
-- Dumping data for table `patients`
--

INSERT INTO `patients` (`id`, `patient_name`, `address`, `patient_number`, `date_of_birth`, `phone_number`, `gender`, `deleted_at`) VALUES
(1, 'Test', 'Test', '123654789', '1999-06-23', '0000000000', 'Female', NULL),
(2, 'Juan Dela Cruz', 'Koronadal City', '1221', '2025-02-14', '0909090909', 'Male', '2025-02-19 09:32:31'),
(3, 'Mikee Abing', 'Isulan', '1213', '1999-10-17', '09123451234', 'Female', '2025-02-19 08:54:35'),
(4, 'Sample Patient', 'General Santos City', '1001', '2005-01-07', '09001234567', 'Male', NULL);

-- --------------------------------------------------------

--
-- Table structure for table `patient_medication_history`
--

CREATE TABLE `patient_medication_history` (
  `id` int(11) NOT NULL,
  `patient_visit_id` int(11) NOT NULL,
  `medicine_details_id` int(11) NOT NULL,
  `quantity` tinyint(4) NOT NULL,
  `dosage` varchar(20) NOT NULL
) ENGINE=InnoDB DEFAULT CHARSET=utf8 COLLATE=utf8_general_ci;

--
-- Dumping data for table `patient_medication_history`
--

INSERT INTO `patient_medication_history` (`id`, `patient_visit_id`, `medicine_details_id`, `quantity`, `dosage`) VALUES
(1, 1, 1, 5, '250'),
(2, 1, 6, 2, '500'),
(3, 2, 2, 2, '250'),
(4, 2, 7, 2, '250'),
(5, 6, 6, 100, '240'),
(6, 7, 8, 10, '10'),
(7, 8, 3, 50, '50');

-- --------------------------------------------------------

--
-- Table structure for table `patient_visits`
--

CREATE TABLE `patient_visits` (
  `id` int(11) NOT NULL,
  `visit_date` date NOT NULL,
  `next_visit_date` date DEFAULT NULL,
  `bp` varchar(23) NOT NULL,
  `weight` varchar(12) NOT NULL,
  `disease` varchar(30) NOT NULL,
  `patient_id` int(11) NOT NULL
) ENGINE=InnoDB DEFAULT CHARSET=utf8 COLLATE=utf8_general_ci;

--
-- Dumping data for table `patient_visits`
--

INSERT INTO `patient_visits` (`id`, `visit_date`, `next_visit_date`, `bp`, `weight`, `disease`, `patient_id`) VALUES
(1, '2025-02-10', '2025-02-12', '120/80', '65 kg.', 'Wounded Arm', 1),
(2, '2025-02-10', '2025-02-12', '120/80', '65 kg.', 'Rhinovirus', 1),
(5, '2025-02-14', '2025-02-21', '120/80', '55 kg.', 'Highblood', 2),
(6, '2025-02-11', '2025-02-14', '120/80', '58 kg.', 'Headache', 2),
(7, '2025-02-04', '2025-02-14', '110/80', '59', 'Headache', 3),
(8, '2025-02-19', '2025-02-22', '110/90', '60', 'Allergy', 4);

-- --------------------------------------------------------

--
-- Table structure for table `users`
--

CREATE TABLE `users` (
  `id` int(11) NOT NULL,
  `display_name` varchar(30) NOT NULL,
  `user_name` varchar(30) NOT NULL,
  `password` varchar(100) NOT NULL,
  `profile_picture` varchar(40) NOT NULL
) ENGINE=InnoDB DEFAULT CHARSET=utf8mb4 COLLATE=utf8mb4_general_ci;

--
-- Dumping data for table `users`
--

INSERT INTO `users` (`id`, `display_name`, `user_name`, `password`, `profile_picture`) VALUES
(1, 'Administrator', 'admin', '0192023a7bbd73250516f069df18b500', '17395454722024_Nitro_Default_3840x2400.j');

--
-- Indexes for dumped tables
--

--
-- Indexes for table `medicines`
--
ALTER TABLE `medicines`
  ADD PRIMARY KEY (`id`),
  ADD UNIQUE KEY `medicine_name` (`medicine_name`);

--
-- Indexes for table `medicine_details`
--
ALTER TABLE `medicine_details`
  ADD PRIMARY KEY (`id`),
  ADD KEY `fk_medicine_details_medicine_id` (`medicine_id`);

--
-- Indexes for table `migrations`
--
ALTER TABLE `migrations`
  ADD PRIMARY KEY (`id`);

--
-- Indexes for table `patients`
--
ALTER TABLE `patients`
  ADD PRIMARY KEY (`id`);

--
-- Indexes for table `patient_medication_history`
--
ALTER TABLE `patient_medication_history`
  ADD PRIMARY KEY (`id`),
  ADD KEY `fk_patient_medication_history_patients_visits_id` (`patient_visit_id`),
  ADD KEY `fk_patient_medication_history_medicine_details_id` (`medicine_details_id`);

--
-- Indexes for table `patient_visits`
--
ALTER TABLE `patient_visits`
  ADD PRIMARY KEY (`id`),
  ADD KEY `fk_patients_visit_patient_id` (`patient_id`);

--
-- Indexes for table `users`
--
ALTER TABLE `users`
  ADD PRIMARY KEY (`id`),
  ADD UNIQUE KEY `user_name` (`user_name`);

--
-- AUTO_INCREMENT for dumped tables
--

--
-- AUTO_INCREMENT for table `medicines`
--
ALTER TABLE `medicines`
  MODIFY `id` int(11) NOT NULL AUTO_INCREMENT, AUTO_INCREMENT=9;

--
-- AUTO_INCREMENT for table `medicine_details`
--
ALTER TABLE `medicine_details`
  MODIFY `id` int(11) NOT NULL AUTO_INCREMENT, AUTO_INCREMENT=9;

--
-- AUTO_INCREMENT for table `migrations`
--
ALTER TABLE `migrations`
  MODIFY `id` int(10) UNSIGNED NOT NULL AUTO_INCREMENT;

--
-- AUTO_INCREMENT for table `patients`
--
ALTER TABLE `patients`
  MODIFY `id` int(11) NOT NULL AUTO_INCREMENT, AUTO_INCREMENT=5;

--
-- AUTO_INCREMENT for table `patient_medication_history`
--
ALTER TABLE `patient_medication_history`
  MODIFY `id` int(11) NOT NULL AUTO_INCREMENT, AUTO_INCREMENT=8;

--
-- AUTO_INCREMENT for table `patient_visits`
--
ALTER TABLE `patient_visits`
  MODIFY `id` int(11) NOT NULL AUTO_INCREMENT, AUTO_INCREMENT=9;

--
-- AUTO_INCREMENT for table `users`
--
ALTER TABLE `users`
  MODIFY `id` int(11) NOT NULL AUTO_INCREMENT, AUTO_INCREMENT=3;

--
-- Constraints for dumped tables
--

--
-- Constraints for table `medicine_details`
--
ALTER TABLE `medicine_details`
  ADD CONSTRAINT `fk_medicine_details_medicine_id` FOREIGN KEY (`medicine_id`) REFERENCES `medicines` (`id`);

--
-- Constraints for table `patient_medication_history`
--
ALTER TABLE `patient_medication_history`
  ADD CONSTRAINT `fk_patient_medication_history_medicine_details_id` FOREIGN KEY (`medicine_details_id`) REFERENCES `medicine_details` (`id`),
  ADD CONSTRAINT `fk_patient_medication_history_patients_visits_id` FOREIGN KEY (`patient_visit_id`) REFERENCES `patient_visits` (`id`);

--
-- Constraints for table `patient_visits`
--
ALTER TABLE `patient_visits`
  ADD CONSTRAINT `fk_patients_visit_patient_id` FOREIGN KEY (`patient_id`) REFERENCES `patients` (`id`);
COMMIT;

/*!40101 SET CHARACTER_SET_CLIENT=@OLD_CHARACTER_SET_CLIENT */;
/*!40101 SET CHARACTER_SET_RESULTS=@OLD_CHARACTER_SET_RESULTS */;
/*!40101 SET COLLATION_CONNECTION=@OLD_COLLATION_CONNECTION */;
